City_ID,City,Lat,Lng,Max Temp,Humidity,Cloudiness,Wind Speed,Country,Date
0,Avera,33.194,-82.5271,47.55,73,0,9.24,US,2022-03-26 09:27:01
1,Hay River,60.8156,-115.7999,-0.42,55,75,6.91,CA,2022-03-26 09:27:02
2,Manokwari,-0.8667,134.0833,80.85,80,80,6.8,ID,2022-03-26 09:27:03
3,Avarua,-21.2078,-159.775,78.85,89,75,9.22,CK,2022-03-26 09:22:35
4,Vaini,-21.2,-175.2,73.56,88,20,5.75,TO,2022-03-26 09:27:05
5,Greeley,40.4233,-104.7091,47.8,80,0,6.91,US,2022-03-26 09:23:40
6,Paamiut,61.994,-49.6678,13.64,67,55,7.29,GL,2022-03-26 09:27:07
7,Olafsvik,64.8945,-23.7142,43.59,97,100,23.58,IS,2022-03-26 09:27:08
8,Faanui,-16.4833,-151.75,82.18,72,96,13.47,PF,2022-03-26 09:27:09
9,Yellowknife,62.456,-114.3525,-17.88,63,0,10.36,CA,2022-03-26 09:27:10
10,Ushuaia,-54.8,-68.3,58.66,51,100,10.36,AR,2022-03-26 09:24:02
11,Bluff,-46.6,168.3333,57.07,79,3,5.01,NZ,2022-03-26 09:27:12
12,Tasiilaq,65.6145,-37.6368,17.76,98,92,3.47,GL,2022-03-26 09:27:13
13,Rikitea,-23.1203,-134.9692,79.16,76,2,15.82,PF,2022-03-26 09:27:14
14,Esperance,-33.8667,121.9,67.84,74,100,8.66,AU,2022-03-26 09:27:15
15,Mahebourg,-20.4081,57.7,87.26,70,40,11.5,MU,2022-03-26 09:27:16
16,Zeya,53.75,127.2667,29.3,77,100,5.75,RU,2022-03-26 09:27:17
17,Kapaa,22.0752,-159.319,71.92,72,100,18.41,US,2022-03-26 09:27:18
18,Puerto Del Rosario,28.5004,-13.8627,64.15,77,20,0.0,ES,2022-03-26 09:27:19
19,Bengkulu,-3.8004,102.2655,85.32,64,89,9.95,ID,2022-03-26 09:27:20
20,Zhanaozen,43.3,52.8,38.03,87,100,19.46,KZ,2022-03-26 09:27:21
21,Sisimiut,66.9395,-53.6735,14.09,89,100,9.04,GL,2022-03-26 09:27:22
22,Katsuura,35.1333,140.3,62.62,86,100,28.14,JP,2022-03-26 09:27:23
23,Smolenka,52.1352,113.4974,35.67,17,40,17.9,RU,2022-03-26 09:27:24
24,Bethel,41.3712,-73.414,46.76,73,75,3.44,US,2022-03-26 09:27:25
25,Monroe,43.1501,-77.6831,39.96,89,75,4.61,US,2022-03-26 09:27:26
26,Bentiu,9.2333,29.8333,93.92,6,10,11.43,SS,2022-03-26 09:27:27
27,Busselton,-33.65,115.3333,67.06,90,96,17.49,AU,2022-03-26 09:27:28
28,Puerto Ayora,-0.7393,-90.3518,76.93,85,100,5.82,EC,2022-03-26 09:27:29
29,Atuona,-9.8,-139.0333,78.93,77,73,18.5,PF,2022-03-26 09:27:30
30,Montelibano,7.9829,-75.4229,76.78,84,78,4.61,CO,2022-03-26 09:27:31
31,Dikson,73.5069,80.5464,15.35,79,100,12.95,RU,2022-03-26 09:27:32
32,Narathiwat,6.3333,101.75,87.66,76,100,5.41,TH,2022-03-26 09:27:33
33,Cassilandia,-19.1133,-51.7342,71.1,92,100,1.28,BR,2022-03-26 09:27:34
34,Punta Arenas,-53.15,-70.9167,48.31,71,75,9.22,CL,2022-03-26 09:27:35
35,Saint-Philippe,-21.3585,55.7679,88.11,76,3,8.21,RE,2022-03-26 09:27:36
36,Lasa,46.6166,10.7002,53.02,70,3,2.89,IT,2022-03-26 09:27:37
37,Lodwar,3.1191,35.5973,91.26,40,38,7.74,KE,2022-03-26 09:27:38
38,Albany,42.6001,-73.9662,38.68,89,74,3.83,US,2022-03-26 09:26:33
39,Sorong,-0.8833,131.25,82.49,75,53,6.93,ID,2022-03-26 09:27:40
40,Cayenne,4.9333,-52.3333,80.1,1,100,9.22,GF,2022-03-26 09:27:41
41,Iqaluit,63.7506,-68.5145,20.93,85,75,17.27,CA,2022-03-26 09:27:42
42,Cidreira,-30.1811,-50.2056,62.26,81,1,11.86,BR,2022-03-26 09:27:43
43,Djibo,14.1022,-1.6306,88.77,36,42,1.43,BF,2022-03-26 09:27:45
44,Gillette,44.2911,-105.5022,37.02,39,100,27.63,US,2022-03-26 09:25:07
45,Katete,-0.7818,29.7544,79.68,45,26,6.49,UG,2022-03-26 09:27:46
46,Narsaq,60.9167,-46.05,21.42,67,54,7.63,GL,2022-03-26 09:27:47
47,Kuytun,54.3419,101.5036,29.07,81,60,10.92,RU,2022-03-26 09:28:48
48,Hobyo,5.3505,48.5268,85.19,52,84,15.21,SO,2022-03-26 09:28:50
49,Port Alfred,-33.5906,26.891,67.17,84,69,4.0,ZA,2022-03-26 09:28:51
50,Belmonte,-15.8631,-38.8828,75.74,81,65,0.13,BR,2022-03-26 09:28:52
51,Penco,-36.7333,-72.9833,52.65,94,100,4.61,CL,2022-03-26 09:28:53
52,Gizo,-8.103,156.8419,77.45,90,100,5.95,SB,2022-03-26 09:25:13
53,Mataura,-46.1927,168.8643,50.16,99,6,0.81,NZ,2022-03-26 09:28:54
54,Norman Wells,65.282,-126.8329,-3.96,77,40,5.75,CA,2022-03-26 09:28:55
55,Victoria,22.2855,114.1577,82.96,85,35,17.0,HK,2022-03-26 09:28:56
56,Mount Darwin,-16.7725,31.5838,83.98,53,7,5.48,ZW,2022-03-26 09:28:57
57,Punta Alta,-38.8759,-62.0736,60.12,81,94,11.27,AR,2022-03-26 09:28:58
58,Licheng,23.2955,113.8284,80.76,81,98,4.68,CN,2022-03-26 09:28:59
59,Bayji,34.9311,43.487,60.01,43,14,6.89,IQ,2022-03-26 09:29:00
60,Karratha,-20.7377,116.8463,88.95,59,57,16.53,AU,2022-03-26 09:29:01
61,Hermanus,-34.4187,19.2345,72.81,62,5,12.5,ZA,2022-03-26 09:29:02
62,Axim,4.8699,-2.2405,83.95,74,94,6.29,GH,2022-03-26 09:29:03
63,Coolum Beach,-26.5333,153.1,74.1,88,100,4.41,AU,2022-03-26 09:29:04
64,Guirang,11.35,125.1167,82.65,75,56,4.34,PH,2022-03-26 09:29:05
65,Cape Town,-33.9258,18.4232,77.11,55,0,16.11,ZA,2022-03-26 09:25:33
66,Zalantun,48.0,122.7167,36.01,50,99,18.45,CN,2022-03-26 09:29:07
67,Malinovoye Ozero,51.6753,79.7825,33.28,87,100,6.89,RU,2022-03-26 09:29:08
68,Makakilo City,21.3469,-158.0858,71.92,74,0,9.22,US,2022-03-26 09:29:09
69,Aklavik,68.2191,-135.0107,-15.39,100,15,7.87,CA,2022-03-26 09:29:10
70,Salalah,17.0151,54.0924,87.04,35,2,10.02,OM,2022-03-26 09:29:11
71,Laguna,38.421,-121.4238,57.45,77,0,6.91,US,2022-03-26 09:29:12
72,Geraldton,-28.7667,114.6,79.21,78,75,8.05,AU,2022-03-26 09:29:13
73,Arraial Do Cabo,-22.9661,-42.0278,76.86,88,20,11.5,BR,2022-03-26 09:29:14
74,Gidole,5.65,37.3667,73.33,44,77,3.18,ET,2022-03-26 09:29:15
75,Asfi,32.2994,-9.2372,59.02,77,6,7.0,MA,2022-03-26 09:29:16
76,Georgetown,5.4112,100.3354,91.33,70,20,10.36,MY,2022-03-26 09:29:17
77,Shkurinskaya,46.5858,39.3599,51.06,43,14,9.89,RU,2022-03-26 09:29:18
78,Rundu,-17.9333,19.7667,82.44,47,4,3.58,NA,2022-03-26 09:29:19
79,Leningradskiy,69.3833,178.4167,-2.72,92,95,4.03,RU,2022-03-26 09:29:20
80,Port Hedland,-20.3167,118.5667,93.25,52,5,18.41,AU,2022-03-26 09:29:21
81,Auki,-8.7676,160.7034,77.67,90,100,8.88,SB,2022-03-26 09:29:22
82,Butaritari,3.0707,172.7902,81.14,72,85,10.4,KI,2022-03-26 09:29:23
83,Garhi Khairo,28.0606,67.9803,104.63,4,0,6.42,PK,2022-03-26 09:29:24
84,Bamora,24.0552,78.0909,99.46,6,7,12.39,IN,2022-03-26 09:29:25
85,Te Anau,-45.4167,167.7167,53.4,95,17,3.78,NZ,2022-03-26 09:29:26
86,Jamestown,42.097,-79.2353,37.02,73,100,14.0,US,2022-03-26 09:26:30
87,Blairmore,49.6,-114.4353,26.92,86,42,1.14,CA,2022-03-26 09:29:28
88,Khatanga,71.9667,102.5,9.25,90,22,9.17,RU,2022-03-26 09:29:29
89,Cherskiy,68.75,161.3,-9.76,100,100,4.12,RU,2022-03-26 09:29:30
90,Warwick,41.7001,-71.4162,46.29,80,20,5.75,US,2022-03-26 09:27:19
91,Belgrade,44.804,20.4651,63.43,37,0,2.3,RS,2022-03-26 09:29:32
92,Upernavik,72.7868,-56.1549,-1.23,95,100,5.84,GL,2022-03-26 09:29:33
93,Aykhal,66.0,111.5,18.09,95,88,4.5,RU,2022-03-26 09:30:35
94,Hilo,19.7297,-155.09,69.53,79,0,5.75,US,2022-03-26 09:30:36
95,Smidovich,48.6,133.8167,31.19,99,100,6.53,RU,2022-03-26 09:30:37
96,Bredasdorp,-34.5322,20.0403,69.93,59,69,16.6,ZA,2022-03-26 09:30:38
97,Gorontalo,0.5412,123.0595,78.84,85,88,5.08,ID,2022-03-26 09:30:39
98,Carnarvon,-24.8667,113.6333,82.47,61,60,14.97,AU,2022-03-26 09:30:40
99,Okha,53.5739,142.9478,23.83,93,90,7.83,RU,2022-03-26 09:30:41
100,Airai,-8.9266,125.4092,62.89,94,86,2.01,TL,2022-03-26 09:30:42
101,Yining,29.0361,114.5636,53.55,95,100,2.28,CN,2022-03-26 09:30:43
102,Yumen,40.2833,97.2,50.4,19,41,10.94,CN,2022-03-26 09:30:44
103,Henties Bay,-22.116,14.2845,67.08,79,43,7.29,NA,2022-03-26 09:30:45
104,Tuktoyaktuk,69.4541,-133.0374,-13.74,92,6,10.87,CA,2022-03-26 09:30:46
105,Charters Towers,-20.1,146.2667,75.36,63,89,14.07,AU,2022-03-26 09:30:47
106,Lata,40.1629,-8.3327,59.07,52,94,10.65,PT,2022-03-26 09:30:48
107,Aniva,46.7144,142.5294,33.91,99,100,5.44,RU,2022-03-26 09:30:49
108,Avinurme,58.9822,26.8642,33.58,86,99,17.67,EE,2022-03-26 09:30:51
109,Chapada Dos Guimaraes,-15.4606,-55.7497,67.66,98,100,3.58,BR,2022-03-26 09:30:52
110,Tay Ninh,11.3,106.1,99.9,29,17,3.04,VN,2022-03-26 09:30:53
111,Clyde River,70.4692,-68.5914,-7.37,77,100,3.44,CA,2022-03-26 09:30:54
112,Barrow,71.2906,-156.7887,-2.18,78,40,19.57,US,2022-03-26 09:30:55
113,Hithadhoo,-0.6,73.0833,83.82,68,6,13.69,MV,2022-03-26 09:30:56
114,Pevek,69.7008,170.3133,-11.9,98,52,3.83,RU,2022-03-26 09:30:57
115,Saint-Francois,46.4154,3.9054,54.41,58,0,1.14,FR,2022-03-26 09:30:58
116,Dingle,10.9995,122.6711,82.76,65,51,7.07,PH,2022-03-26 09:31:00
117,Ardakan,32.31,54.0175,71.96,7,0,4.36,IR,2022-03-26 09:31:01
118,Eskisehir,39.7767,30.5206,39.11,65,40,12.66,TR,2022-03-26 09:26:24
119,Beringovskiy,63.05,179.3167,-2.2,100,54,4.52,RU,2022-03-26 09:31:02
120,Bratsk,56.1325,101.6142,30.69,73,98,12.95,RU,2022-03-26 09:31:04
121,Thompson,55.7435,-97.8558,-14.64,70,0,8.05,CA,2022-03-26 09:30:41
122,Lyuban,52.7985,28.0048,46.65,74,100,21.18,BY,2022-03-26 09:31:05
123,Sturgeon Bay,44.8342,-87.377,28.76,74,100,12.66,US,2022-03-26 09:31:06
124,Ayame,5.6083,-3.1563,86.94,63,79,3.69,CI,2022-03-26 09:31:07
125,Hofn,64.2539,-15.2082,40.32,92,100,4.85,IS,2022-03-26 09:31:08
126,Nanortalik,60.1432,-45.2371,24.26,73,9,5.23,GL,2022-03-26 09:31:09
127,Mahajanga,-15.7167,46.3167,91.42,70,40,9.22,MG,2022-03-26 09:31:10
128,Kropotkin,45.4375,40.5756,46.22,58,99,10.47,RU,2022-03-26 09:31:02
129,Fortuna,40.5982,-124.1573,44.65,100,0,6.91,US,2022-03-26 09:31:13
130,Vila Franca Do Campo,37.7167,-25.4333,59.41,93,100,25.03,PT,2022-03-26 09:31:14
131,Hobart,-42.8794,147.3294,64.26,87,0,4.61,AU,2022-03-26 09:30:08
132,Castro,-24.7911,-50.0119,64.11,98,100,2.68,BR,2022-03-26 09:30:27
133,Friesach,46.9553,14.4058,59.97,46,4,2.8,AT,2022-03-26 09:31:17
134,Santa Cruz,-17.8,-63.1667,62.06,88,75,3.44,BO,2022-03-26 09:27:05
135,Qaanaaq,77.484,-69.3632,2.77,85,100,5.95,GL,2022-03-26 09:31:19
136,Pundaguitan,6.3711,126.1689,78.42,76,100,12.12,PH,2022-03-26 09:31:20
137,Smithers,54.7804,-127.1743,32.32,80,100,2.3,CA,2022-03-26 09:30:14
138,Ribeira Grande,38.5167,-28.7,55.8,94,75,5.75,PT,2022-03-26 09:32:22
139,Severo-Yeniseyskiy,60.3725,93.0408,26.65,91,100,9.69,RU,2022-03-26 09:32:23
140,Bilibino,68.0546,166.4372,-6.12,100,98,3.15,RU,2022-03-26 09:32:24
141,Wertheim,49.7575,9.5094,59.5,45,0,7.7,DE,2022-03-26 09:32:25
142,Meulaboh,4.1363,96.1285,84.38,71,43,4.97,ID,2022-03-26 09:32:26
143,Acapulco,16.8634,-99.8901,69.62,83,75,2.3,MX,2022-03-26 09:30:35
144,Saldanha,-33.0117,17.9442,77.05,59,1,9.48,ZA,2022-03-26 09:32:28
145,Sambava,-14.2667,50.1667,85.12,68,16,10.38,MG,2022-03-26 09:32:29
146,Muros,42.7762,-9.0603,57.69,95,96,4.59,ES,2022-03-26 09:32:30
147,Port Arthur,38.8,121.2667,53.82,69,96,10.8,CN,2022-03-26 09:32:31
148,Nampula,-15.1165,39.2666,85.95,66,75,3.44,MZ,2022-03-26 09:32:32
149,Yar-Sale,66.8333,70.8333,5.86,87,23,1.5,RU,2022-03-26 09:32:33
150,Oranjemund,-28.55,16.4333,67.06,66,0,10.16,NA,2022-03-26 09:32:35
151,Nassau,40.7507,-73.5829,49.08,63,75,6.91,US,2022-03-26 09:30:41
152,Karaton,-6.3424,106.1045,76.46,91,96,3.8,ID,2022-03-26 09:32:37
153,Spokane,47.6166,-117.3677,42.26,71,0,5.75,US,2022-03-26 09:32:38
154,Nikolskoye,59.7035,30.7861,35.71,85,100,15.66,RU,2022-03-26 09:32:39
155,Fallon,39.4735,-118.7774,58.91,46,0,4.61,US,2022-03-26 09:29:30
156,Malampaka,-3.1333,33.5333,74.16,67,92,5.5,TZ,2022-03-26 09:32:41
157,Codrington,-38.2667,141.9667,59.65,91,0,10.33,AU,2022-03-26 09:32:42
158,Longyearbyen,78.2186,15.6401,3.04,66,20,4.61,SJ,2022-03-26 09:32:43
159,Rehoboth,-23.3167,17.0833,76.64,41,20,4.47,NA,2022-03-26 09:32:44
160,Aksha,50.2814,113.2867,28.89,38,91,17.0,RU,2022-03-26 09:32:45
161,Muzhi,65.3667,64.6667,24.69,72,98,16.51,RU,2022-03-26 09:32:46
162,New Norfolk,-42.7826,147.0587,63.9,91,0,2.37,AU,2022-03-26 09:32:47
163,Novyy Urengoy,66.0833,76.6333,9.48,89,100,20.69,RU,2022-03-26 09:32:48
164,La Ronge,55.1001,-105.2842,-7.35,59,0,1.14,CA,2022-03-26 09:32:48
165,Svetlaya,46.5389,138.3297,32.34,99,100,12.24,RU,2022-03-26 09:32:49
166,Marzuq,14.4,46.4667,88.83,15,7,12.88,YE,2022-03-26 09:32:50
167,Kirakira,-10.4544,161.9205,80.47,83,100,5.86,SB,2022-03-26 09:32:51
168,Charcas,23.1333,-101.1167,44.87,44,4,4.18,MX,2022-03-26 09:32:52
169,Nioro,13.35,-15.75,83.71,17,25,6.51,GM,2022-03-26 09:32:53
170,Vostok,46.4856,135.8833,31.17,100,100,1.88,RU,2022-03-26 09:32:54
171,Sur,22.5667,59.5289,89.98,30,0,7.38,OM,2022-03-26 09:32:55
172,Gat,31.61,34.7642,64.4,37,0,7.58,IL,2022-03-26 09:29:03
173,Kavieng,-2.5744,150.7967,82.56,73,95,6.78,PG,2022-03-26 09:32:57
174,Los Llanos De Aridane,28.6585,-17.9182,63.12,59,20,11.5,ES,2022-03-26 09:32:58
175,Provideniya,64.3833,-173.3,7.7,93,16,4.27,RU,2022-03-26 09:33:00
176,Bichura,50.5881,107.6022,28.56,73,51,3.49,RU,2022-03-26 09:33:01
177,Punta De Bombon,-17.1717,-71.7931,68.2,85,46,4.9,PE,2022-03-26 09:33:02
178,Zhigansk,66.7697,123.3711,7.66,97,88,7.11,RU,2022-03-26 09:33:03
179,Camacha,33.0833,-16.3333,58.42,72,40,8.05,PT,2022-03-26 09:33:04
180,Chokurdakh,70.6333,147.9167,2.32,95,100,12.77,RU,2022-03-26 09:33:05
181,Arlit,18.7369,7.3853,92.28,7,23,11.32,NE,2022-03-26 09:33:06
182,Oro Valley,32.3909,-110.9665,72.27,19,97,3.0,US,2022-03-26 09:33:08
183,Port Elizabeth,-33.918,25.5701,70.32,75,75,6.91,ZA,2022-03-26 09:33:09
184,Mitsamiouli,-11.3847,43.2844,89.89,66,20,6.91,KM,2022-03-26 09:34:10
185,Oussouye,12.485,-16.5469,71.78,32,29,6.58,SN,2022-03-26 09:34:11
186,Vestmannaeyjar,63.4427,-20.2734,47.39,100,100,21.85,IS,2022-03-26 09:34:12
187,Saint-Pierre,-21.3393,55.4781,89.19,67,20,5.75,RE,2022-03-26 09:34:14
188,Kangly,44.2544,43.0308,42.85,75,75,11.18,RU,2022-03-26 09:34:15
189,Ponta Do Sol,32.6667,-17.1,63.23,79,100,10.58,PT,2022-03-26 09:34:17
190,Tromso,69.6496,18.957,23.02,74,20,11.5,NO,2022-03-26 09:34:18
191,Newport,51.5877,-2.9984,55.08,67,0,11.27,GB,2022-03-26 09:30:13
192,Karpathos,35.507,27.2132,64.36,72,40,23.02,GR,2022-03-26 09:34:20
193,Tuatapere,-46.1333,167.6833,53.98,88,65,1.23,NZ,2022-03-26 09:34:21
194,Mezhdurechensk,53.6942,88.0603,33.64,86,100,12.44,RU,2022-03-26 09:34:21
195,Pasni,25.2631,63.471,81.01,53,0,16.35,PK,2022-03-26 09:34:22
196,Deputatskiy,69.3,139.9,-11.87,99,21,7.76,RU,2022-03-26 09:34:24
197,Tiksi,71.6872,128.8694,-9.44,100,59,0.83,RU,2022-03-26 09:34:25
198,Ostrovnoy,68.0531,39.5131,23.27,65,100,20.74,RU,2022-03-26 09:34:26
199,Half Moon Bay,37.4636,-122.4286,53.02,86,0,3.44,US,2022-03-26 09:30:41
200,Lorengau,-2.0226,147.2712,81.48,77,100,7.27,PG,2022-03-26 09:34:28
201,Balabac,7.9868,117.0645,83.57,72,4,9.44,PH,2022-03-26 09:34:29
202,Pingliang,35.5392,106.6861,53.74,22,100,12.95,CN,2022-03-26 09:34:30
203,Dunedin,-45.8742,170.5036,58.8,90,57,1.01,NZ,2022-03-26 09:34:31
204,Erzin,36.9559,36.2,58.26,53,33,10.38,TR,2022-03-26 09:34:31
205,Tiarei,-17.5333,-149.3333,78.82,74,78,12.12,PF,2022-03-26 09:34:32
206,Hasaki,35.7333,140.8333,64.8,83,100,33.2,JP,2022-03-26 09:34:33
207,Lebu,-37.6167,-73.65,54.01,89,47,10.47,CL,2022-03-26 09:34:34
208,San Ramon,37.7799,-121.978,51.87,86,0,6.91,US,2022-03-26 09:31:15
209,Edd,13.9297,41.6925,81.23,64,88,16.53,ER,2022-03-26 09:34:36
210,Yulara,-25.2406,130.9889,89.44,20,18,6.91,AU,2022-03-26 09:34:37
211,Port Keats,-14.25,129.55,81.99,77,100,5.17,AU,2022-03-26 09:34:38
212,George,-33.963,22.4617,63.95,72,20,11.5,ZA,2022-03-26 09:34:39
213,Pisco,-13.7,-76.2167,66.25,77,0,5.75,PE,2022-03-26 09:34:40
214,Kruisfontein,-34.0033,24.7314,66.88,58,40,11.61,ZA,2022-03-26 09:34:41
215,Ust-Nera,64.5667,143.2,-6.57,100,94,3.09,RU,2022-03-26 09:34:42
216,Lazaro Cardenas,17.9583,-102.2,68.85,62,100,4.97,MX,2022-03-26 09:31:06
217,Kavaratti,10.5669,72.642,82.31,64,2,0.98,IN,2022-03-26 09:34:05
218,Derbent,42.0678,48.2899,43.29,75,75,11.03,RU,2022-03-26 09:34:45
219,Wum,6.3833,10.0667,90.1,20,69,4.45,CM,2022-03-26 09:34:46
220,Pacific Grove,36.6177,-121.9166,50.43,89,0,3.44,US,2022-03-26 09:33:27
221,Khorinsk,52.1657,109.7726,25.59,62,72,9.26,RU,2022-03-26 09:34:47
222,Mount Gambier,-37.8333,140.7667,60.71,82,0,9.22,AU,2022-03-26 09:31:36
223,Gushikawa,26.3544,127.8686,69.03,100,100,13.8,JP,2022-03-26 09:34:49
224,Krosno Odrzanskie,52.0549,15.0988,58.77,47,20,12.57,PL,2022-03-26 09:34:50
225,Broome,42.2506,-75.833,38.62,86,100,5.75,US,2022-03-26 09:34:51
226,Namibe,-15.1961,12.1522,74.03,73,20,9.22,AO,2022-03-26 09:34:52
227,Tahoua,14.8888,5.2692,89.58,4,88,18.41,NE,2022-03-26 09:34:53
228,Fairbanks,64.8378,-147.7164,26.94,80,0,0.0,US,2022-03-26 09:31:44
229,Saskylakh,71.9167,114.0833,-8.91,100,95,3.31,RU,2022-03-26 09:34:55
230,Noumea,-22.2763,166.4572,75.18,74,73,10.25,NC,2022-03-26 09:35:56
231,Guaimaro,21.05,-77.35,71.13,89,55,3.8,CU,2022-03-26 09:35:57
232,Nhulunbuy,-12.2333,136.7667,81.21,83,40,6.91,AU,2022-03-26 09:35:57
233,Bollnas,61.3482,16.3946,40.01,50,11,17.0,SE,2022-03-26 09:35:04
234,Boyolangu,-8.1181,111.8935,80.02,84,70,4.52,ID,2022-03-26 09:35:59
235,Sao Filipe,14.8961,-24.4956,69.82,73,59,8.61,CV,2022-03-26 09:36:01
236,Kayerkan,69.3497,87.7602,19.53,79,100,12.39,RU,2022-03-26 09:36:02
237,Cockburn Town,21.4612,-71.1419,77.72,76,67,17.05,TC,2022-03-26 09:36:04
238,Ancud,-41.8697,-73.8203,55.22,94,23,3.2,CL,2022-03-26 09:32:02
239,Gamboma,-1.8764,15.8644,87.69,54,100,6.82,CG,2022-03-26 09:34:38
240,Moberly,39.4184,-92.4382,38.43,64,0,9.22,US,2022-03-26 09:36:06
241,Isangel,-19.55,169.2667,73.51,88,62,3.44,VU,2022-03-26 09:36:07
242,Quelimane,-17.8786,36.8883,87.75,66,20,5.75,MZ,2022-03-26 09:36:08
243,Coahuayana,18.7333,-103.6833,65.73,51,63,3.31,MX,2022-03-26 09:36:10
244,Severo-Kurilsk,50.6789,156.125,24.91,73,12,7.87,RU,2022-03-26 09:36:10
245,Snezhnogorsk,69.1933,33.2531,22.78,63,100,19.35,RU,2022-03-26 09:36:12
246,Saposoa,-6.934,-76.7716,69.1,99,100,1.12,PE,2022-03-26 09:36:13
247,Vammala,61.3333,22.9,30.9,72,100,18.43,FI,2022-03-26 09:36:14
248,Ocos,14.5094,-92.1933,78.98,77,100,3.31,GT,2022-03-26 09:36:15
249,Alice Springs,-23.7,133.8833,81.95,32,2,10.36,AU,2022-03-26 09:35:23
250,Kovdor,67.5662,30.4758,22.12,77,100,14.61,RU,2022-03-26 09:36:17
251,Iquitos,-3.7481,-73.2472,75.24,94,75,6.91,PE,2022-03-26 09:34:31
252,Faya,18.3851,42.4509,77.11,26,3,3.94,SA,2022-03-26 09:36:18
253,Sioux Lookout,50.1001,-91.917,8.67,78,100,17.27,CA,2022-03-26 09:36:19
254,Inuvik,68.3499,-133.7218,-3.14,68,0,11.5,CA,2022-03-26 09:36:20
255,Gualeguaychu,-33.0094,-58.5172,62.89,98,100,11.77,AR,2022-03-26 09:36:21
256,Banda Aceh,5.5577,95.3222,84.04,70,32,4.0,ID,2022-03-26 09:36:22
257,Bambous Virieux,-20.3428,57.7575,87.22,70,40,11.5,MU,2022-03-26 09:36:23
258,Saint George,37.1041,-113.5841,57.79,23,0,0.0,US,2022-03-26 09:36:11
259,Kashi,39.4547,75.9797,56.41,35,20,6.71,CN,2022-03-26 09:36:25
260,Taoudenni,22.6783,-3.9836,82.74,14,78,10.85,ML,2022-03-26 09:36:26
261,Itaituba,-4.2761,-55.9836,72.01,97,96,1.63,BR,2022-03-26 09:36:27
262,Raposos,-19.9672,-43.8042,73.85,88,98,2.68,BR,2022-03-26 09:36:28
263,Senador Jose Porfirio,-2.5908,-51.9542,73.06,97,95,2.66,BR,2022-03-26 09:36:29
264,Novyy Svit,47.8059,38.0211,52.93,36,3,13.65,UA,2022-03-26 09:36:30
265,Praia,14.9215,-23.5087,70.34,64,40,6.91,CV,2022-03-26 09:36:31
266,Beshpagir,45.0217,42.3808,40.42,64,100,11.9,RU,2022-03-26 09:36:32
267,Jucuaran,13.2539,-88.2478,64.78,68,93,4.05,SV,2022-03-26 09:36:34
268,Lagoa,39.05,-27.9833,56.05,85,100,7.74,PT,2022-03-26 09:36:35
269,Luanda,-8.8368,13.2343,81.3,80,100,3.13,AO,2022-03-26 09:31:59
270,Byron Bay,-28.65,153.6167,71.49,90,100,5.14,AU,2022-03-26 09:32:10
271,Kodiak,57.79,-152.4072,35.11,93,75,5.75,US,2022-03-26 09:36:37
272,Klaksvik,62.2266,-6.589,47.32,85,95,12.1,FO,2022-03-26 09:36:38
273,Piacabucu,-10.4056,-36.4344,80.02,77,18,4.18,BR,2022-03-26 09:36:39
274,Morgan City,29.6994,-91.2068,48.99,100,0,0.0,US,2022-03-26 09:36:40
275,Navoi,40.0844,65.3792,45.88,87,100,6.91,UZ,2022-03-26 09:36:41
276,Lawrence,38.9717,-95.2353,39.36,54,41,6.29,US,2022-03-26 09:34:10
277,Dirba,30.0667,75.9833,101.08,5,0,15.66,IN,2022-03-26 09:36:43
278,Qaqortoq,60.7167,-46.0333,16.5,69,41,7.2,GL,2022-03-26 09:37:44
279,Kieta,-6.2167,155.6333,75.43,95,100,3.71,PG,2022-03-26 09:37:45
280,Eureka,40.8021,-124.1637,46.58,93,72,5.64,US,2022-03-26 09:37:46
281,Lompoc,34.6391,-120.4579,53.78,96,100,0.0,US,2022-03-26 09:37:47
282,Macae,-22.3708,-41.7869,74.95,100,20,9.22,BR,2022-03-26 09:37:48
283,Dawson Creek,55.7666,-120.2362,26.24,74,100,6.91,CA,2022-03-26 09:36:07
284,Vigrestad,58.5667,5.7,42.48,74,100,21.23,NO,2022-03-26 09:37:49
285,Erenhot,43.6475,111.9767,34.86,16,99,18.05,CN,2022-03-26 09:37:40
286,Luderitz,-26.6481,15.1594,71.2,57,0,11.36,NA,2022-03-26 09:37:51
287,Oxford,51.7522,-1.256,57.11,62,2,9.22,GB,2022-03-26 09:37:52
288,Zhuanghe,39.7008,122.9911,49.89,40,58,9.28,CN,2022-03-26 09:37:53
289,Buala,-8.145,159.5921,76.6,88,100,7.76,SB,2022-03-26 09:37:55
290,Porto Novo,6.4965,2.6036,85.82,56,74,6.85,BJ,2022-03-26 09:34:27
291,Changuinola,9.4333,-82.5167,70.99,78,93,5.17,PA,2022-03-26 09:37:57
292,Constitucion,-35.3333,-72.4167,50.59,92,1,5.46,CL,2022-03-26 09:37:57
293,Sabha,27.0377,14.4283,69.49,12,0,20.58,LY,2022-03-26 09:37:58
294,Portland,45.5234,-122.6762,52.61,79,75,3.0,US,2022-03-26 09:33:57
295,Labuhan,-6.8844,112.2051,83.89,74,25,9.22,ID,2022-03-26 09:38:01
296,Ponta Delgada,37.7333,-25.6667,59.72,94,75,25.32,PT,2022-03-26 09:38:02
297,Takoradi,4.8845,-1.7554,85.78,69,95,5.46,GH,2022-03-26 09:38:03
298,Tautira,-17.7333,-149.15,81.07,75,94,11.54,PF,2022-03-26 09:38:04
299,Churapcha,62.0025,132.4325,8.94,91,99,2.66,RU,2022-03-26 09:38:05
300,Linhares,-19.3911,-40.0722,74.37,90,23,5.37,BR,2022-03-26 09:38:07
301,Grand-Santi,4.25,-54.3833,72.57,98,97,2.66,GF,2022-03-26 09:38:07
302,Mokrous,51.2333,47.5167,31.62,99,56,10.71,RU,2022-03-26 09:38:08
303,Augusto Correa,-1.0217,-46.635,74.64,97,99,2.17,BR,2022-03-26 09:38:09
304,Songjianghe,42.1859,127.479,29.23,87,29,2.01,CN,2022-03-26 09:38:10
305,Carutapera,-1.195,-46.02,75.94,94,100,4.16,BR,2022-03-26 09:38:11
306,Seredka,58.1584,28.1858,40.75,75,99,19.8,RU,2022-03-26 09:38:12
307,Linhai,28.85,121.1167,58.93,72,96,4.09,CN,2022-03-26 09:38:13
308,Mount Isa,-20.7333,139.5,82.17,54,40,3.44,AU,2022-03-26 09:38:14
309,Kamyshevatskaya,46.4132,37.9563,45.68,59,2,12.71,RU,2022-03-26 09:38:16
310,Chipiona,36.7366,-6.437,59.22,77,31,5.75,ES,2022-03-26 09:38:17
311,Areka,7.0667,37.7,81.61,34,50,10.31,ET,2022-03-26 09:38:18
312,Nome,64.5011,-165.4064,11.16,92,0,4.61,US,2022-03-26 09:38:19
313,Flinders,-34.5833,150.8552,67.37,87,82,7.0,AU,2022-03-26 09:38:20
314,Naze,28.3667,129.4833,61.72,85,100,14.29,JP,2022-03-26 09:38:21
315,Mar Del Plata,-38.0023,-57.5575,64.09,97,100,15.99,AR,2022-03-26 09:34:34
316,San Vicente,-26.6167,-54.1333,49.42,95,0,0.89,AR,2022-03-26 09:38:23
317,Kinarut,5.8231,116.0466,87.82,74,20,6.91,MY,2022-03-26 09:38:24
318,Majene,-3.5403,118.9707,82.27,75,26,4.61,ID,2022-03-26 09:38:25
319,Pangnirtung,66.1451,-65.7125,18.73,94,100,7.36,CA,2022-03-26 09:38:26
320,Rock Sound,24.9,-76.2,73.02,69,100,15.99,BS,2022-03-26 09:38:27
321,Adrar,20.5022,-10.0711,74.16,22,5,9.37,MR,2022-03-26 09:38:28
322,Jaguaquara,-13.5306,-39.9708,68.05,88,73,1.97,BR,2022-03-26 09:38:29
323,Ichinohe,40.2069,141.3017,46.4,97,100,6.93,JP,2022-03-26 09:38:30
324,Brae,60.3964,-1.353,46.89,95,100,6.6,GB,2022-03-26 09:39:31
325,Alexandria,31.2156,29.9553,64.36,63,40,9.22,EG,2022-03-26 09:39:32
326,Narasannapeta,18.4167,84.05,89.2,55,24,17.65,IN,2022-03-26 09:39:33
327,Lingao,19.9103,109.6859,85.62,60,27,12.26,CN,2022-03-26 09:39:33
328,Cabo San Lucas,22.8909,-109.9124,70.52,64,74,3.8,MX,2022-03-26 09:35:47
329,Souillac,-20.5167,57.5167,86.38,70,40,11.5,MU,2022-03-26 09:39:35
330,Mednogorskiy,43.9178,41.1825,38.25,76,100,4.09,RU,2022-03-26 09:39:36
331,Buenaventura,3.8801,-77.0312,74.44,95,99,1.83,CO,2022-03-26 09:39:37
332,Tocopilla,-22.092,-70.1979,66.76,66,5,6.71,CL,2022-03-26 09:39:38
333,Progreso,21.2833,-89.6667,63.1,57,55,10.36,MX,2022-03-26 09:39:39
334,Lavrentiya,65.5833,-171.0,-1.21,100,61,4.43,RU,2022-03-26 09:39:40
335,Dafeng,23.4517,108.5881,71.22,78,100,9.17,CN,2022-03-26 09:39:41
336,Dandong,40.1292,124.3947,50.07,45,24,8.97,CN,2022-03-26 09:39:42
337,The Valley,18.217,-63.0578,76.86,78,59,18.95,AI,2022-03-26 09:39:43
338,Port-Cartier,50.0334,-66.8654,30.42,97,100,22.66,CA,2022-03-26 09:39:44
339,Oltu,40.5498,42.0013,30.51,77,98,1.88,TR,2022-03-26 09:39:45
340,Mildura,-34.2,142.15,78.76,34,1,5.75,AU,2022-03-26 09:39:46
341,Stutterheim,-32.5708,27.424,60.46,83,99,4.03,ZA,2022-03-26 09:39:47
342,Sinnamary,5.3833,-52.95,77.05,87,83,13.31,GF,2022-03-26 09:39:48
343,Aitape,-3.1374,142.3475,80.89,81,99,4.56,PG,2022-03-26 09:39:49
344,Banposh,22.25,84.8,106.66,8,11,11.14,IN,2022-03-26 09:39:50
345,Sao Joao Da Barra,-21.6403,-41.0511,75.29,89,94,10.71,BR,2022-03-26 09:39:51
346,Huarmey,-10.0681,-78.1522,70.27,84,100,6.4,PE,2022-03-26 09:39:52
347,Taltal,-25.4,-70.4833,61.9,84,21,2.24,CL,2022-03-26 09:39:53
348,Kodinsk,58.6881,99.1844,27.9,93,100,13.67,RU,2022-03-26 09:39:53
349,Duku,11.2361,4.9073,98.53,8,0,12.08,NG,2022-03-26 09:39:54
350,Bandraboua,-12.7044,45.1223,87.48,73,39,4.16,YT,2022-03-26 09:39:55
351,Salvador,13.8333,-88.9167,72.0,78,68,3.96,SV,2022-03-26 09:39:56
352,Manga,11.6636,-1.0731,93.74,35,90,5.82,BF,2022-03-26 09:39:57
353,Inhambane,-23.865,35.3833,76.98,83,75,3.44,MZ,2022-03-26 09:39:58
354,Tokat,40.4167,36.5833,35.76,82,88,2.1,TR,2022-03-26 09:40:00
355,Atar,20.5169,-13.0499,69.85,32,5,6.91,MR,2022-03-26 09:40:01
356,Dongsheng,39.8161,109.9776,35.47,23,1,24.83,CN,2022-03-26 09:40:02
357,Sakhipur,24.3,90.1833,100.11,15,19,6.29,BD,2022-03-26 09:40:04
358,Chake Chake,-5.2459,39.7666,91.08,52,53,8.43,TZ,2022-03-26 09:40:05
359,Alofi,-19.0595,-169.9187,76.89,94,100,4.61,NU,2022-03-26 09:40:06
360,Hunchun,42.8675,130.3581,40.87,75,70,5.44,CN,2022-03-26 09:40:07
361,Imbituba,-28.24,-48.6703,69.82,86,50,5.99,BR,2022-03-26 09:40:08
362,Maragogi,-9.0122,-35.2225,77.67,86,100,3.8,BR,2022-03-26 09:37:59
363,Virginia Beach,36.8529,-75.978,51.85,64,0,9.22,US,2022-03-26 09:35:59
364,Korla,41.7597,86.1469,57.33,26,13,17.27,CN,2022-03-26 09:40:11
365,Lakatoro,-16.0999,167.4164,80.22,84,90,5.64,VU,2022-03-26 09:40:12
366,Hokitika,-42.7167,170.9667,60.49,72,78,3.69,NZ,2022-03-26 09:40:13
367,Umm Lajj,25.0213,37.2685,80.11,21,0,18.25,SA,2022-03-26 09:40:14
368,Poum,-20.2333,164.0167,80.65,71,39,10.36,NC,2022-03-26 09:40:15
369,Logan,41.7355,-111.8344,50.04,48,20,5.01,US,2022-03-26 09:39:03
370,Locri,38.2414,16.2623,66.33,54,81,6.22,IT,2022-03-26 09:40:16
371,Mecca,21.4267,39.8261,90.48,7,0,4.25,SA,2022-03-26 09:38:36
372,Jacqueville,5.2052,-4.4146,82.04,77,54,6.85,CI,2022-03-26 09:41:18
373,Husavik,66.0449,-17.3389,40.28,88,100,17.16,IS,2022-03-26 09:41:19
374,Gamba,-2.65,10.0,83.73,75,91,8.95,GA,2022-03-26 09:41:20
375,Amarpur,25.0333,86.9,102.6,6,0,17.09,IN,2022-03-26 09:41:21
376,Abu Dhabi,24.4667,54.3667,86.11,39,0,9.22,AE,2022-03-26 09:41:22
377,Gwadar,25.1216,62.3254,84.43,46,0,13.98,PK,2022-03-26 09:41:23
378,Talaya,61.3833,152.75,-8.59,100,73,2.53,RU,2022-03-26 09:41:24
379,Asau,46.4333,26.4,54.28,36,0,5.88,RO,2022-03-26 09:41:25
380,Sharkan,57.2989,53.8712,29.88,93,100,15.52,RU,2022-03-26 09:41:26
381,Garden City,42.3256,-83.331,37.65,89,100,14.97,US,2022-03-26 09:40:58
382,Ketchikan,55.3422,-131.6461,40.98,93,100,0.0,US,2022-03-26 09:36:33
383,Kpandae,8.4689,-0.0113,91.56,47,33,6.87,GH,2022-03-26 09:41:28
384,Visby,57.6409,18.296,46.06,65,0,20.71,SE,2022-03-26 09:41:30
385,Sauda,59.6506,6.3542,42.67,85,100,2.91,NO,2022-03-26 09:41:31
386,Borogontsy,62.6683,131.1683,7.34,95,82,1.32,RU,2022-03-26 09:41:32
387,Plouzane,48.3833,-4.6167,55.45,67,30,13.8,FR,2022-03-26 09:36:52
388,Koungou,-12.7336,45.2042,87.51,74,20,6.91,YT,2022-03-26 09:41:34
389,Marienburg,54.0359,19.0266,54.84,54,55,18.77,PL,2022-03-26 09:41:35
390,Dolores,-36.3132,-57.6792,60.91,89,100,16.04,AR,2022-03-26 09:41:36
391,Uyemskiy,64.4743,40.8524,23.05,85,100,20.13,RU,2022-03-26 09:41:37
392,Kultayevo,57.8943,55.9392,32.97,37,0,11.18,RU,2022-03-26 09:41:38
393,Richards Bay,-28.783,32.0377,79.12,63,86,7.74,ZA,2022-03-26 09:41:39
394,Yarmouth,41.7057,-70.2286,44.74,86,0,5.99,US,2022-03-26 09:41:41
395,Bogorodskoye,56.55,37.8833,36.99,89,100,17.52,RU,2022-03-26 09:41:42
396,Kahului,20.8947,-156.47,72.84,83,75,9.22,US,2022-03-26 09:41:43
397,Morant Bay,17.8815,-76.4093,76.62,83,61,3.67,JM,2022-03-26 09:41:44
398,Mugango,-1.6833,33.7,82.24,50,53,6.02,TZ,2022-03-26 09:41:45
399,Bathsheba,13.2167,-59.5167,77.61,78,75,16.11,BB,2022-03-26 09:41:46
400,Mogadishu,2.0371,45.3438,87.67,79,40,11.5,SO,2022-03-26 09:41:47
401,Casas Grandes,30.3667,-107.95,54.5,12,75,3.4,MX,2022-03-26 09:41:48
402,Berlevag,70.8578,29.0864,19.2,57,100,24.2,NO,2022-03-26 09:41:50
403,Hvide Sande,56.0045,8.1294,52.09,81,39,23.96,DK,2022-03-26 09:41:51
404,Chuy,-33.6971,-53.4616,55.13,93,25,11.12,UY,2022-03-26 09:41:52
405,Orlik,52.5178,99.825,22.71,69,57,5.59,RU,2022-03-26 09:41:53
406,Boende,-0.2167,20.8667,89.69,44,100,5.21,CD,2022-03-26 09:41:54
407,Kutum,14.2,24.6667,73.98,12,65,13.58,SD,2022-03-26 09:41:55
408,Kaohsiung,22.6163,120.3133,85.95,69,40,6.91,TW,2022-03-26 09:41:56
409,Dakar,14.6937,-17.4441,67.08,88,0,11.5,SN,2022-03-26 09:38:00
410,Shahrud,36.4182,54.9763,51.85,27,17,11.41,IR,2022-03-26 09:41:57
411,Cururupu,-1.8283,-44.8683,75.06,97,95,2.8,BR,2022-03-26 09:41:58
412,Mao,39.8885,4.2658,59.56,77,75,19.57,ES,2022-03-26 09:41:59
413,Turcoaia,45.1167,28.1833,54.52,33,0,9.13,RO,2022-03-26 09:42:00
414,Saint-Michel-Des-Saints,46.6834,-73.9159,32.94,98,100,5.99,CA,2022-03-26 09:42:01
415,Vardo,70.3705,31.1107,25.05,57,100,24.96,NO,2022-03-26 09:42:02
416,Hami,42.8,93.45,54.23,19,68,1.81,CN,2022-03-26 09:42:03
417,Honiara,-9.4333,159.95,77.18,93,100,5.23,SB,2022-03-26 09:42:05
418,Okhotsk,59.3833,143.3,5.32,94,15,1.63,RU,2022-03-26 09:43:06
419,College,64.8569,-147.8028,26.92,80,75,0.0,US,2022-03-26 09:39:35
420,Lincoln,40.8,-96.667,35.29,57,74,3.0,US,2022-03-26 09:38:30
421,Morro Bay,35.3658,-120.8499,55.0,92,94,0.54,US,2022-03-26 09:43:09
422,Palmer,42.1584,-72.3287,45.01,69,100,0.0,US,2022-03-26 09:43:10
423,Caraquet,47.7941,-64.9386,28.94,90,21,11.32,CA,2022-03-26 09:43:11
424,Pandan,14.0453,124.1694,80.96,80,4,8.77,PH,2022-03-26 09:43:12
425,Kiruna,67.8557,20.2251,20.32,63,75,19.57,SE,2022-03-26 09:43:13
426,Aberdeen,57.1437,-2.0981,58.5,79,36,2.3,GB,2022-03-26 09:43:13
427,La Palma,33.8464,-118.0467,63.21,92,100,4.61,US,2022-03-26 09:43:14
428,Aranos,-24.1333,19.1167,80.53,39,47,6.58,NA,2022-03-26 09:43:16
429,Cruzeiro Do Sul,-29.5128,-51.9853,62.98,90,10,5.06,BR,2022-03-26 09:43:16
430,Anadyr,64.75,177.4833,7.3,85,100,6.71,RU,2022-03-26 09:43:17
431,Kijang,35.2442,129.2139,65.93,67,73,5.75,KR,2022-03-26 09:43:18
432,Tocache,-8.1842,-76.5125,69.93,99,100,0.09,PE,2022-03-26 09:43:19
433,Xichang,27.8964,102.2634,50.45,84,100,5.37,CN,2022-03-26 09:43:20
434,Kaspiyskiy,45.3929,47.3707,44.26,66,100,18.99,RU,2022-03-26 09:43:21
435,Sistranda,63.7256,8.834,37.36,53,99,11.05,NO,2022-03-26 09:43:22
436,Alleroy,43.21,46.28,42.26,67,100,12.26,RU,2022-03-26 09:43:23
437,Radchenko,56.6803,36.3718,39.04,75,100,17.94,RU,2022-03-26 09:43:24
438,Bolivar,37.6145,-93.4105,40.77,68,14,7.85,US,2022-03-26 09:43:25
439,Steinbach,50.1667,8.5667,61.09,44,0,11.5,DE,2022-03-26 09:43:26
440,Tura,25.5198,90.2201,94.6,8,2,11.59,IN,2022-03-26 09:43:27
441,Guerrero Negro,27.9769,-114.0611,59.34,81,30,4.12,MX,2022-03-26 09:43:28
442,Hambantota,6.1241,81.1185,88.14,70,20,9.22,LK,2022-03-26 09:43:29
443,Tatawin,32.9297,10.4518,77.95,12,64,25.39,TN,2022-03-26 09:43:30
444,Buraydah,26.326,43.975,66.65,16,0,11.41,SA,2022-03-26 09:43:31
445,Dutse,11.7594,9.3392,90.18,9,4,17.38,NG,2022-03-26 09:43:32
446,El Tigre,8.8875,-64.2454,72.82,83,100,13.53,VE,2022-03-26 09:43:33
447,Zhezkazgan,47.8043,67.7144,46.38,71,75,11.18,KZ,2022-03-26 09:43:34
448,Roald,62.5833,6.1333,44.33,61,40,10.36,NO,2022-03-26 09:43:35
449,Rocha,-34.4833,-54.3333,58.51,93,38,12.88,UY,2022-03-26 09:43:36
450,Idil,37.3411,41.8895,51.73,50,75,4.61,TR,2022-03-26 09:43:37
451,Tual,-5.6667,132.75,82.42,75,100,15.82,ID,2022-03-26 09:43:38
452,Najran,17.4924,44.1277,84.85,13,0,12.19,SA,2022-03-26 09:43:39
453,Belyy Yar,53.6039,91.3903,49.89,34,0,24.61,RU,2022-03-26 09:43:40
454,Pestravka,52.405,49.9583,32.92,100,99,8.93,RU,2022-03-26 09:43:40
455,Touros,-5.1989,-35.4608,79.97,83,100,6.51,BR,2022-03-26 09:43:41
456,Azul,-36.777,-59.8585,59.34,86,90,14.34,AR,2022-03-26 09:43:42
457,Garowe,8.4054,48.4845,92.66,12,44,10.29,SO,2022-03-26 09:43:43
458,Walvis Bay,-22.9575,14.5053,65.35,72,0,6.91,NA,2022-03-26 09:43:44
459,Jumla,29.2747,82.1838,68.74,19,3,7.18,NP,2022-03-26 09:39:04
460,Gemena,3.25,19.7667,91.45,40,100,3.76,CD,2022-03-26 09:43:47
461,Padang,-0.9492,100.3543,87.85,62,65,4.0,ID,2022-03-26 09:43:48
462,Sobolevo,54.4299,31.8996,38.05,95,100,18.54,RU,2022-03-26 09:43:49
463,Nantucket,41.2835,-70.0995,44.74,87,0,12.66,US,2022-03-26 09:41:11
464,Trincomalee,8.5711,81.2335,83.73,74,6,14.83,LK,2022-03-26 09:43:51
465,Colon,9.3592,-79.9014,77.11,78,77,7.0,PA,2022-03-26 09:43:52
466,Vila Velha,-20.3297,-40.2925,76.95,84,0,6.91,BR,2022-03-26 09:44:52
467,Rovaniemi,66.5,25.7167,24.21,74,100,14.97,FI,2022-03-26 09:44:53
468,Kokoda,-8.8785,147.7407,76.5,97,100,1.68,PG,2022-03-26 09:44:54
469,Freiburg,46.8024,7.1513,58.08,58,0,4.61,CH,2022-03-26 09:44:55
470,Kuandian,40.7286,124.7847,46.02,48,0,7.76,CN,2022-03-26 09:44:57
471,Solwezi,-12.1688,26.3894,78.55,57,63,5.23,ZM,2022-03-26 09:44:58
472,Kununurra,-15.7667,128.7333,82.38,78,74,4.61,AU,2022-03-26 09:44:59
473,Pierre,44.3683,-100.351,29.05,65,0,13.0,US,2022-03-26 09:45:00
474,Baicheng,45.6167,122.8167,37.51,63,69,21.34,CN,2022-03-26 09:45:01
475,East London,-33.0153,27.9116,65.34,88,75,5.75,ZA,2022-03-26 09:43:56
476,Honningsvag,70.9821,25.9704,22.75,80,75,25.32,NO,2022-03-26 09:45:03
477,Lormi,22.2833,81.7333,106.16,7,12,12.62,IN,2022-03-26 09:45:04
478,Omsukchan,62.5333,155.8,-5.17,98,98,4.5,RU,2022-03-26 09:45:05
479,Kaitangata,-46.2817,169.8464,52.38,95,15,1.95,NZ,2022-03-26 09:45:07
480,Sumbe,-11.2061,13.8437,83.75,70,100,5.55,AO,2022-03-26 09:45:08
481,Jardim,-21.4803,-56.1381,67.06,63,100,2.77,BR,2022-03-26 09:45:10
482,Didsbury,53.417,-2.2315,62.29,59,16,1.14,GB,2022-03-26 09:45:11
483,Barra Do Garcas,-15.89,-52.2567,71.42,96,100,1.59,BR,2022-03-26 09:42:41
484,Asifabad,19.3667,79.2833,104.54,16,43,0.36,IN,2022-03-26 09:45:12
485,Todos Santos,23.45,-110.2167,71.31,55,99,5.01,MX,2022-03-26 09:45:13
486,Bilma,18.6853,12.9164,83.05,8,35,14.09,NE,2022-03-26 09:45:15
487,Itarema,-2.9248,-39.9167,76.91,88,96,8.23,BR,2022-03-26 09:45:16
488,Baykit,61.67,96.37,25.88,95,100,9.55,RU,2022-03-26 09:45:17
489,Villa Rica,33.7321,-84.9191,47.39,83,2,9.95,US,2022-03-26 09:45:18
490,Goderich,43.7501,-81.7165,35.92,87,100,5.75,CA,2022-03-26 09:45:19
491,Tigil,57.8,158.6667,12.63,92,100,6.93,RU,2022-03-26 09:45:20
492,Bokaro,23.7833,85.9667,102.4,8,9,19.51,IN,2022-03-26 09:42:14
493,Potchefstroom,-26.7167,27.1,76.93,43,70,8.28,ZA,2022-03-26 09:45:22
494,Cairns,-16.9167,145.7667,76.06,90,40,5.75,AU,2022-03-26 09:45:23
495,Altay,47.8667,88.1167,35.65,60,1,2.77,CN,2022-03-26 09:45:24
496,Bahia De Caraquez,-0.6,-80.4167,77.18,98,100,2.48,EC,2022-03-26 09:45:26
497,Surt,31.2089,16.5887,66.85,27,6,19.26,LY,2022-03-26 09:45:27
498,Huangmei,30.1924,116.025,56.68,89,100,3.24,CN,2022-03-26 09:45:28
499,Payo,-3.7508,103.6372,87.31,67,73,2.68,ID,2022-03-26 09:45:29
500,Makueni,-1.8041,37.6203,87.1,33,1,8.03,KE,2022-03-26 09:45:31
501,Yiyang,28.5892,112.3283,53.53,88,99,5.44,CN,2022-03-26 09:45:32
502,Tirumullaivasal,11.2333,79.8333,87.37,66,22,15.61,IN,2022-03-26 09:45:33
503,Mackay,-21.15,149.2,80.58,74,90,13.8,AU,2022-03-26 09:42:00
504,Manavalakurichi,8.1333,77.3,84.74,67,51,7.05,IN,2022-03-26 09:45:35
505,Port Lincoln,-34.7333,135.8667,64.15,72,0,9.28,AU,2022-03-26 09:45:36
506,Pontes E Lacerda,-15.2261,-59.3353,66.29,97,100,2.15,BR,2022-03-26 09:45:37
507,Phan Thiet,10.9333,108.1,85.51,65,6,8.23,VN,2022-03-26 09:44:22
508,Erdenet,49.0333,104.0833,28.69,20,0,13.51,MN,2022-03-26 09:45:39
509,Gberia Fotombu,9.8833,-11.1667,84.79,53,20,4.27,SL,2022-03-26 09:45:40
510,Sao Miguel Do Araguaia,-13.275,-50.1628,71.13,94,42,4.18,BR,2022-03-26 09:46:41
511,Penzance,50.1186,-5.5371,52.92,66,1,18.41,GB,2022-03-26 09:46:42
512,Bima,-8.4667,118.7167,80.19,89,86,0.36,ID,2022-03-26 09:46:43
513,Satkhira,22.7167,89.1,99.21,28,13,8.25,BD,2022-03-26 09:46:44
514,Comodoro Rivadavia,-45.8667,-67.5,55.26,47,0,4.61,AR,2022-03-26 09:46:46
515,Plettenberg Bay,-34.0527,23.3716,68.77,64,41,11.01,ZA,2022-03-26 09:46:47
516,Phu Ly,20.5411,105.9139,90.95,50,11,9.33,VN,2022-03-26 09:43:52
517,Ixtapa,20.7,-105.2,66.22,86,19,1.66,MX,2022-03-26 09:46:49
518,Ahipara,-35.1667,173.1667,63.59,85,10,8.84,NZ,2022-03-26 09:46:50
519,Turochak,52.2576,87.1224,34.39,87,26,8.9,RU,2022-03-26 09:46:51
520,Mandalgovi,45.7625,106.2708,29.17,14,0,14.09,MN,2022-03-26 09:46:52
521,Coquimbo,-29.9533,-71.3436,58.73,100,100,5.75,CL,2022-03-26 09:46:53
522,Madimba,-10.4,40.3333,87.21,63,6,4.88,TZ,2022-03-26 09:46:54
523,Santa Cruz Del Sur,20.7147,-77.9956,73.87,85,67,6.71,CU,2022-03-26 09:46:55
524,Trairi,-3.2778,-39.2689,75.94,90,100,6.51,BR,2022-03-26 09:46:56
525,Wajima,37.4,136.9,61.48,82,75,9.22,JP,2022-03-26 09:46:00
526,Dubrovnik,42.6481,18.0922,62.24,44,0,6.91,HR,2022-03-26 09:46:58
527,Rockport,28.0206,-97.0544,67.05,97,0,6.91,US,2022-03-26 09:43:49
528,Ofunato,39.0717,141.7167,53.67,96,100,24.87,JP,2022-03-26 09:46:59
529,Colares,38.7992,-9.4469,61.45,73,20,14.0,PT,2022-03-26 09:47:01
530,Santa Maria,-29.6842,-53.8069,61.9,77,40,6.91,BR,2022-03-26 09:47:03
531,Almeirim,-1.5233,-52.5817,72.91,97,47,2.39,BR,2022-03-26 09:47:04
532,Moose Factory,51.2585,-80.6094,30.2,100,100,6.91,CA,2022-03-26 09:47:05
533,Samaipata,-18.15,-63.8667,50.49,92,100,2.95,BO,2022-03-26 09:47:06
534,Norfolk,42.1668,-71.2495,47.82,76,100,3.44,US,2022-03-26 09:47:07
535,Acuautla,20.4903,-98.0336,55.13,52,99,5.48,MX,2022-03-26 09:47:08
536,Bukama,-9.2,25.85,86.25,63,39,1.77,CD,2022-03-26 09:47:09
537,Saint-Augustin,51.226,-58.6502,28.29,95,100,23.69,CA,2022-03-26 09:47:10
538,Sipe Sipe,-17.45,-66.3833,55.89,89,94,1.32,BO,2022-03-26 09:47:11
539,Wyszkow,52.5928,21.4584,55.15,70,100,16.96,PL,2022-03-26 09:47:13
540,Quatre Cocos,-20.2078,57.7625,87.1,70,31,9.1,MU,2022-03-26 09:47:14
541,Qingdao,36.0986,120.3719,60.4,29,0,6.71,CN,2022-03-26 09:47:15
542,Port Huron,42.9709,-82.4249,35.83,90,100,5.01,US,2022-03-26 09:47:17
543,Schenectady,42.8334,-74.0829,34.92,93,65,3.53,US,2022-03-26 09:44:42
544,Necochea,-38.5473,-58.7368,61.05,94,100,20.2,AR,2022-03-26 09:47:19
545,Manzanillo,20.3433,-77.1167,73.94,80,100,4.74,CU,2022-03-26 09:47:20
546,Biltine,14.5333,20.9167,89.04,9,0,16.87,TD,2022-03-26 09:47:21
547,Fukue,32.6881,128.8419,55.76,88,75,9.22,JP,2022-03-26 09:47:22
548,De Aar,-30.6497,24.0123,72.9,29,1,10.54,ZA,2022-03-26 09:47:23
549,San Jeronimo,-11.9472,-75.2829,49.64,92,100,1.07,PE,2022-03-26 09:47:24
550,Waipawa,-41.4122,175.5153,56.14,84,100,12.75,NZ,2022-03-26 09:47:25
551,Mayo,38.8876,-76.5119,50.99,65,100,4.61,US,2022-03-26 09:47:26
552,Chumikan,54.7183,135.315,14.56,97,46,4.12,RU,2022-03-26 09:47:27
553,Kenora,49.8167,-94.4337,9.57,66,20,12.66,CA,2022-03-26 09:47:27
554,Nelson Bay,-32.7167,152.15,72.0,83,81,1.99,AU,2022-03-26 09:47:28
555,Yichun,47.7,128.9,26.4,92,96,6.42,CN,2022-03-26 09:47:29
556,Prado,-17.3411,-39.2208,76.23,84,31,3.76,BR,2022-03-26 09:47:30
557,Peiting,47.8,10.9333,57.45,43,0,10.36,DE,2022-03-26 09:48:31
558,Genhe,50.7833,121.5167,19.94,93,99,2.66,CN,2022-03-26 09:48:32
559,Salina Cruz,16.1667,-95.2,68.31,59,80,22.59,MX,2022-03-26 09:48:33
560,Mittersill,47.2667,12.4833,55.44,60,25,1.34,AT,2022-03-26 09:48:34
561,Inta,66.0317,60.1659,21.54,75,100,14.74,RU,2022-03-26 09:48:35
562,Rawa Mazowiecka,51.7644,20.2549,60.49,58,81,20.56,PL,2022-03-26 09:48:36
563,Fayaoue,-20.65,166.5333,79.72,76,62,17.56,NC,2022-03-26 09:48:37
564,Sakaiminato,35.55,133.2333,60.78,88,75,27.63,JP,2022-03-26 09:48:38
565,Wairoa,-39.0333,177.3667,62.55,81,100,27.0,NZ,2022-03-26 09:48:39
566,Vanimo,-2.6741,141.3028,79.86,82,94,7.67,PG,2022-03-26 09:48:40
567,Asmar,35.0333,71.3581,80.1,14,0,3.18,AF,2022-03-26 09:48:41
568,Adeje,28.1227,-16.726,65.32,61,20,3.44,ES,2022-03-26 09:48:42
569,Gumrak,48.7826,44.3824,51.71,35,0,20.13,RU,2022-03-26 09:48:43
570,Nuuk,64.1835,-51.7216,20.01,86,100,4.61,GL,2022-03-26 09:48:44
571,Juazeiro,-9.4117,-40.4986,73.58,88,75,6.91,BR,2022-03-26 09:48:45
572,Key West,24.5557,-81.7826,71.01,68,0,10.36,US,2022-03-26 09:48:22
573,Kasama,-10.2129,31.1808,78.58,59,13,5.55,ZM,2022-03-26 09:48:47
574,Damaturu,11.747,11.9608,91.53,12,48,20.4,NG,2022-03-26 09:48:48
575,Pochutla,15.7432,-96.4661,72.82,70,92,2.8,MX,2022-03-26 09:48:49
576,Niltepec,16.5667,-94.6167,63.75,64,69,11.99,MX,2022-03-26 09:48:50
577,Acaponeta,22.4964,-105.3594,62.28,58,52,2.71,MX,2022-03-26 09:48:51
578,Ulladulla,-35.35,150.4667,64.76,87,99,3.0,AU,2022-03-26 09:48:52
